{"search":"","showTags":false,"showAttachments":false,"hideUnresolved":false,"showOrphans":true,"showArrow":false,"textFadeMultiplier":-1.5,"nodeSizeMultiplier":1.58086271367521,"lineSizeMultiplier":1.40025373931624,"centerStrength":0.463541666666667,"repelStrength":8.55502136752137,"linkStrength":0.625801282051282,"linkDistance":250,"scale":1.3851174247577798}